{
    "Mercury": {
        "mu": 2.2031780000000021E+04,
        "a": 0.38709927,
        "e": 0.20563593,
        "i": 7.00497902
    },
    "Venus": {
        "mu": 3.2485859200000006E+05,
        "a": 0.72333566,
        "e": 0.00677672,
        "i": 3.39467605
    },
    "Earth": {
        "mu": 3.9860043543609598E+05,
        "a": 1.00000261,
        "e": 0.01671123,
        "i": -0.00001531
    },
    "Mars": {
        "mu": 4.282837362069909E+04,
        "a": 1.523471034,
        "e": 0.09339410,
        "i": 1.84969142
    },
    "Jupiter": {
        "mu":  1.266865349218008E+08,
        "a": 5.20288700,
        "e": 0.04838624,
        "i": 1.30439695
    },
    "Saturn": {
        "mu": 3.793120749865224E+07,
        "a": 9.53667594,
        "e": 0.05386179,
        "i": 2.48599187
    },
    "Uranus": {
        "mu": 5.793951322279009E+06,
        "a": 19.18916464,
        "e": 0.04725744,
        "i": 0.77263783
    },
    "Neptune": {
        "mu": 6.835099502439672E+06,
        "a": 30.06992276,
        "e": 0.00859048,
        "i": 1.77004347
    },
    "Pluto": {
        "mu": 8.696138177608748E+02,
        "a": 39.48211675,
        "e": 0.24882730,
        "i": 17.14001206
    },
    "Sun": {
        "mu": 1.32712440018E11
    },
    "Units": {
        "mu": "km^3/s^2",
        "a": "AU",
        "i": "deg"
    }
}